Workbook

Sheet 2010
A1: Medidas sinteticas de fecundidad — Guerrero 2010
A3: K: | B3: 0.48780488 | C3: =100/205 | D3: (105 hombres : 100 mujeres al nacer) | H3: l0: | I3: 100000 | J3: raiz de la tabla de vida femenina
A5: AZUL=inputs directos | NEGRO=formulas | TGF=5*SUMf(x,5) | TBR=TGF*K | TNR=5*K*SUM[f(x,5)*Lx/(5*l0)]
A7: Grupo edad | B7: Punto medio | C7: x | D7: x+n | E7: Nacimientos (B) INEGI | F7: Pob.fem. CONAPO | G7: f(x,5) =B/N | H7: f(x,5) x1000 | I7: f(x,5)fem =f*K | J7: L(x)fem tabla vida | K7: x+2.5P0 =Lx/5l0 | L7: Prod.*5 =col9*col11*5
A8: 15-19 | B8: 17.5 | C8: 15 | D8: 19 | E8: 19879 | F8: 190513 | G8: =E8/F8 | H8: =G8*1000 | I8: =G8*$B$3 | J8: 487500 | K8: =J8/(5*$I$3) | L8: =I8*K8*5
A9: 20-24 | B9: 22.5 | C9: 20 | D9: 24 | E9: 30061 | F9: 161775 | G9: =E9/F9 | H9: =G9*1000 | I9: =G9*$B$3 | J9: 486800 | K9: =J9/(5*$I$3) | L9: =I9*K9*5
A10: 25-29 | B10: 27.5 | C10: 25 | D10: 29 | E10: 25024 | F10: 134995 | G10: =E10/F10 | H10: =G10*1000 | I10: =G10*$B$3 | J10: 485900 | K10: =J10/(5*$I$3) | L10: =I10*K10*5
A11: 30-34 | B11: 32.5 | C11: 30 | D11: 34 | E11: 16984 | F11: 119198 | G11: =E11/F11 | H11: =G11*1000 | I11: =G11*$B$3 | J11: 484700 | K11: =J11/(5*$I$3) | L11: =I11*K11*5
A12: 35-39 | B12: 37.5 | C12: 35 | D12: 39 | E12: 9094 | F12: 110730 | G12: =E12/F12 | H12: =G12*1000 | I12: =G12*$B$3 | J12: 482800 | K12: =J12/(5*$I$3) | L12: =I12*K12*5
A13: 40-44 | B13: 42.5 | C13: 40 | D13: 44 | E13: 2866 | F13: 97160 | G13: =E13/F13 | H13: =G13*1000 | I13: =G13*$B$3 | J13: 479900 | K13: =J13/(5*$I$3) | L13: =I13*K13*5
A14: 45-49 | B14: 47.5 | C14: 45 | D14: 49 | E14: 510 | F14: 85247 | G14: =E14/F14 | H14: =G14*1000 | I14: =G14*$B$3 | J14: 474600 | K14: =J14/(5*$I$3) | L14: =I14*K14*5
A15: TOTAL | B15: — | C15: — | D15: — | E15: =SUM(E8:E14) | F15: =SUM(F8:F14) | G15: =SUM(G8:G14) | H15: =SUM(H8:H14) | I15: =SUM(I8:I14) | J15: — | K15: — | L15: =SUM(L8:L14)
A17: TGF = 5 * SUM f(x,5): | G17: =SUM(G8:G14)*5 | H17: hijos por mujer — cohorte hipotetica sin mortalidad (2010)
A18: TBR = TGF * K: | G18: =G17*$B$3 | H18: hijas por mujer sin mortalidad | TBR = TGF x 0.4878
A19: TNR = 5*K*SUM[f(x,5)*x+2.5P0]: | H19: hijas/mujer con mortalidad | TNR=1 reemplazo | >1 crece | <1 decrece | L19: =L15
A21: Notas metodologicas:
A22: Nacimientos (col E): INEGI — Nacimientos Registrados Guerrero 2010
A23: Poblacion femenina (col F): CONAPO — Proyecciones exponencial mitad de año 2010
A24: L(x)fem (col J): tabla de vida de periodo femenina Guerrero 2010 (l0=100,000)
A25: K = 100/205 = 0.4878 — proporcion teorica de nacimientos femeninos (105H:100M)
A26: x+2.5P0(f) = Lx/(5*l0) — probabilidad de sobrevivir al PUNTO MEDIO del intervalo
A27: Fuente metodologica: CELADE (2022). Medidas sinteticas de la fecundidad.

Sheet 2019
A1: Medidas sinteticas de fecundidad — Guerrero 2019
A3: K: | B3: 0.48780488 | C3: =100/205 | D3: (105 hombres : 100 mujeres al nacer) | H3: l0: | I3: 100000 | J3: raiz de la tabla de vida femenina
A5: AZUL=inputs directos | NEGRO=formulas | TGF=5*SUMf(x,5) | TBR=TGF*K | TNR=5*K*SUM[f(x,5)*Lx/(5*l0)]
A7: Grupo edad | B7: Punto medio | C7: x | D7: x+n | E7: Nacimientos (B) INEGI | F7: Pob.fem. CONAPO | G7: f(x,5) =B/N | H7: f(x,5) x1000 | I7: f(x,5)fem =f*K | J7: L(x)fem tabla vida | K7: x+2.5P0 =Lx/5l0 | L7: Prod.*5 =col9*col11*5
A8: 15-19 | B8: 17.5 | C8: 15 | D8: 19 | E8: 13281 | F8: 173038 | G8: =E8/F8 | H8: =G8*1000 | I8: =G8*$B$3 | J8: 488200 | K8: =J8/(5*$I$3) | L8: =I8*K8*5
A9: 20-24 | B9: 22.5 | C9: 20 | D9: 24 | E9: 20223 | F9: 159246 | G9: =E9/F9 | H9: =G9*1000 | I9: =G9*$B$3 | J9: 487600 | K9: =J9/(5*$I$3) | L9: =I9*K9*5
A10: 25-29 | B10: 27.5 | C10: 25 | D10: 29 | E10: 17466 | F10: 147599 | G10: =E10/F10 | H10: =G10*1000 | I10: =G10*$B$3 | J10: 486800 | K10: =J10/(5*$I$3) | L10: =I10*K10*5
A11: 30-34 | B11: 32.5 | C11: 30 | D11: 34 | E11: 11001 | F11: 132196 | G11: =E11/F11 | H11: =G11*1000 | I11: =G11*$B$3 | J11: 485500 | K11: =J11/(5*$I$3) | L11: =I11*K11*5
A12: 35-39 | B12: 37.5 | C12: 35 | D12: 39 | E12: 5542 | F12: 118524 | G12: =E12/F12 | H12: =G12*1000 | I12: =G12*$B$3 | J12: 483600 | K12: =J12/(5*$I$3) | L12: =I12*K12*5
A13: 40-44 | B13: 42.5 | C13: 40 | D13: 44 | E13: 1587 | F13: 109122 | G13: =E13/F13 | H13: =G13*1000 | I13: =G13*$B$3 | J13: 480700 | K13: =J13/(5*$I$3) | L13: =I13*K13*5
A14: 45-49 | B14: 47.5 | C14: 45 | D14: 49 | E14: 318 | F14: 101538 | G14: =E14/F14 | H14: =G14*1000 | I14: =G14*$B$3 | J14: 475400 | K14: =J14/(5*$I$3) | L14: =I14*K14*5
A15: TOTAL | B15: — | C15: — | D15: — | E15: =SUM(E8:E14) | F15: =SUM(F8:F14) | G15: =SUM(G8:G14) | H15: =SUM(H8:H14) | I15: =SUM(I8:I14) | J15: — | K15: — | L15: =SUM(L8:L14)
A17: TGF = 5 * SUM f(x,5): | G17: =SUM(G8:G14)*5 | H17: hijos por mujer — cohorte hipotetica sin mortalidad (2019)
A18: TBR = TGF * K: | G18: =G17*$B$3 | H18: hijas por mujer sin mortalidad | TBR = TGF x 0.4878
A19: TNR = 5*K*SUM[f(x,5)*x+2.5P0]: | H19: hijas/mujer con mortalidad | TNR=1 reemplazo | >1 crece | <1 decrece | L19: =L15
A21: Notas metodologicas:
A22: Nacimientos (col E): INEGI — Nacimientos Registrados Guerrero 2019
A23: Poblacion femenina (col F): CONAPO — Proyecciones exponencial mitad de año 2019
A24: L(x)fem (col J): tabla de vida de periodo femenina Guerrero 2019 (l0=100,000)
A25: K = 100/205 = 0.4878 — proporcion teorica de nacimientos femeninos (105H:100M)
A26: x+2.5P0(f) = Lx/(5*l0) — probabilidad de sobrevivir al PUNTO MEDIO del intervalo
A27: Fuente metodologica: CELADE (2022). Medidas sinteticas de la fecundidad.

Sheet Comparativo
A1: Comparativo TGF, TBR y TNR — Guerrero 2010 vs 2019
A3: Indicador | B3: Guerrero 2010 | C3: Guerrero 2019 | D3: Cambio 2019-2010 | E3: % cambio | F3: Interpretacion
A4: TGF | B4: ='2010'!G17 | C4: ='2019'!G17 | D4: =C4-B4 | E4: =(C4-B4)/B4 | F4: Hijos por mujer — cohorte hipotetica sin mortalidad
A5: TBR | B5: ='2010'!G18 | C5: ='2019'!G18 | D5: =C5-B5 | E5: =(C5-B5)/B5 | F5: Hijas por mujer — sin mortalidad (TGF x K = TGF x 0.4878)
A6: TNR | B6: ='2010'!L19 | C6: ='2019'!L19 | D6: =C6-B6 | E6: =(C6-B6)/B6 | F6: Hijas por mujer — con mortalidad | =1 reemplazo exacto
A8: TNR=1 reemplazo | TNR>1 generacion crece | TNR<1 generacion decrece | Fuente: CELADE (2022)
